rank,artists,title,mix,duration,bpm,camelot,source,recording_rights
1,Mau P,Just A Little Bit More,Extended,06:21,128,2B,Beatport Top 100 October 2026,metadata_only
2,L.P. Rhythm,How Ya Feelin',Extended Mix,05:39,132,1B,Beatport Top 100 October 2026,metadata_only
3,Beave,1997,Original Mix,06:03,132,2A,Beatport Top 100 October 2026,metadata_only
4,"Ultra Nate; Hugel; Imael Angel",Movin' To The Sun,Extended Mix,05:53,125,4A,Beatport Top 100 October 2026,metadata_only
5,Rafael,Gotta Be Cool,Luch Remix,06:58,124,3B,Beatport Top 100 October 2026,metadata_only
6,"Rafael; Toni B",She Can Love U,Original Mix,05:34,125,9B,Beatport Top 100 October 2026,metadata_only
7,Tommy Phillips,Sun is Shining (Lovelee Dae),Extended Mix,05:40,130,6A,Beatport Top 100 October 2026,metadata_only
8,"Volkoder; James Hype","1,2,3",Extended,05:02,127,12A,Beatport Top 100 October 2026,metadata_only
9,"Majestic; Layton Giordani; Jungle 70; HILLS (US)",Bassline,Extended Mix,04:03,132,3B,Beatport Top 100 October 2026,metadata_only
10,"Joseph Capriati; GENNARO",Control,Extended Mix,06:20,128,5A,Beatport Top 100 October 2026,metadata_only
11,"Bipolar Sunshine; Hardt Antoine; Nariman",Stay,Original Mix,05:39,125,4A,Beatport Top 100 October 2026,metadata_only
12,"Ink; Mesto",Freak,Extended Mix,03:00,128,2B,Beatport Top 100 October 2026,metadata_only
13,RSquared,Ooo La La,Original Mix,06:15,128,5A,Beatport Top 100 October 2026,metadata_only
14,"Butch; Santos (IT)",Come Get Up,Extended Mix,07:47,126,9A,Beatport Top 100 October 2026,metadata_only
15,"Cloonee; Prospa",Free Your Mind,Extended Mix,05:04,128,10A,Beatport Top 100 October 2026,metadata_only
17,"ANOTR; 54 Ultra",Talk To You,Extended Mix,05:06,132,6A,Beatport Top 100 October 2026,metadata_only
18,"Adam Ten; Yamagucci",Keep Workin',Original Mix,05:15,127,1A,Beatport Top 100 October 2026,metadata_only
19,Franky Rizardo,Shinjuku,Extended Mix,05:53,129,1A,Beatport Top 100 October 2026,metadata_only
20,Kolter,Trapped,Original Mix,06:24,130,2A,Beatport Top 100 October 2026,metadata_only
21,"Fezzo; ILLUSIONIZE",Living on My Own,Original Mix,06:24,130,8A,Beatport Top 100 October 2026,metadata_only
22,CAMELPHAT,Landlords Nightmare,Original Mix,04:55,130,6B,Beatport Top 100 October 2026,metadata_only
23,Kolter,Hey Everybody (Back In The Dance),Extended Mix,07:35,132,8A,Beatport Top 100 October 2026,metadata_only
24,Rooléh,Legacy (Assanssan),Original Mix,06:11,128,6A,Beatport Top 100 October 2026,metadata_only
25,"Tristan Henry; Cloonee; Prospa",Good Girl,Extended Mix,04:30,128,9A,Beatport Top 100 October 2026,metadata_only
26,Cloonee,Get Up and Dance,Extended Mix,04:04,130,6B,Beatport Top 100 October 2026,metadata_only
28,James Hype,Confession,Extended Mix,06:08,126,10A,Beatport Top 100 October 2026,metadata_only
29,"Rafael; Adam Ten",Beat Goes On,Extended Mix,05:09,124,11B,Beatport Top 100 October 2026,metadata_only
30,"Interplanetary Criminal; Silva Bumpa",HOLD DA PHONE,Extended,04:44,135,5A,Beatport Top 100 October 2026,metadata_only
31,Dennis Quin,It's Time,Extended Mix,05:09,132,4A,Beatport Top 100 October 2026,metadata_only
32,"HUGEL; SOLTO (FR)",Jamaican (Bam Bam),Extended Mix,05:00,122,11B,Beatport Top 100 October 2026,metadata_only
34,"Mark Knight; DJ PP; James Hurr",Miami Vice,Extended Mix,06:17,126,4A,Beatport Top 100 October 2026,metadata_only
35,Rooléh,Want To Know,Extended Mix,06:21,129,7B,Beatport Top 100 October 2026,metadata_only
37,"CamelPhat; Josh Gigante; Kuuda",So Good (feat. Kuuda),Sapian Extended Remix,05:33,128,11A,Beatport Top 100 October 2026,metadata_only
38,"Atlantic Ocean; Desmond; Summum",Echoes From The 90s,Extended Mix,05:09,131,6A,Beatport Top 100 October 2026,metadata_only
39,"Danis; Trace (UZ); DISLA (UZ)",Flashing Lights,Extended Mix,05:11,127,11A,Beatport Top 100 October 2026,metadata_only
40,Silva Bumpa,On 2nite,Extended Mix,04:30,136,1A,Beatport Top 100 October 2026,metadata_only
41,Faithless,We Come 1,Adam Beyer Remix,06:00,134,6B,Beatport Top 100 October 2026,metadata_only
42,"Dimitri Vegas; Bountyhunter; BRANDON (DE)",Woops,Extended Mix,03:34,130,9B,Beatport Top 100 October 2026,metadata_only
43,"95 South; SIDEPIECE",Can I Ride,Extended Mix,03:54,132,2B,Beatport Top 100 October 2026,metadata_only
45,Sapian,Reason Why,Extended Mix,05:25,130,9A,Beatport Top 100 October 2026,metadata_only
46,Sean Doron,Little More (Body Action),Original Mix,05:19,130,10B,Beatport Top 100 October 2026,metadata_only
47,MPH,Warlord,Extended Mix,03:26,135,12B,Beatport Top 100 October 2026,metadata_only
48,Adriatique,Palm Of Your Hands,Extended Mix,04:14,127,11B,Beatport Top 100 October 2026,metadata_only
49,"Route 94; Mellizos",4Get The Girl,Mellizos Extended Remix,05:28,130,11A,Beatport Top 100 October 2026,metadata_only
50,"Max Styler; Kuuda",Love Forever (feat. Kuuda),Extended Mix,05:21,126,9B,Beatport Top 100 October 2026,metadata_only
52,FLETCH (GB),People 2 Dance,Extended Mix,06:48,128,11A,Beatport Top 100 October 2026,metadata_only
54,"Kyle Watson; Walker & Royce",Losing Focus,Extended Mix,03:59,129,5B,Beatport Top 100 October 2026,metadata_only
55,"Wu-Tang Clan; Michael Bibi; Kettama",MYSTERY OF RAW,Extended Mix,05:02,130,4B,Beatport Top 100 October 2026,metadata_only
56,"Riordan; Locky",Friction,Extended Mix,05:21,132,7A,Beatport Top 100 October 2026,metadata_only
57,Sonny Kane,Never Leave U,Extended Mix,06:00,128,10A,Beatport Top 100 October 2026,metadata_only
