index,title,artist,album,source_url,audio_url,license,attribution,mp3_path,wav_path
1,In Search Of Sunrise,1000 Handz,House Instrumentals,https://freemusicarchive.org/music/1000-handz/cc-by-free-to-use-dancehouse-instrumentals/in-search-of-sunrise/,https://files.freemusicarchive.org/storage-freemusicarchive-org/tracks/cueleXgCwoLuuQfe3TZW8oahmyjbJyz9x0gmRres.mp3,https://creativecommons.org/licenses/by/4.0/,1000 Handz / 1000Handz.com,data/training/cc_by_house/01-in-search-of-sunrise.mp3,data/training/cc_by_house/01-in-search-of-sunrise.wav
2,Altitude,1000 Handz,House Instrumentals,https://freemusicarchive.org/music/1000-handz/cc-by-free-to-use-dancehouse-instrumentals/altitude-1/,https://files.freemusicarchive.org/storage-freemusicarchive-org/tracks/ZDkLjz6xBjEYjFB65Mbv3RTRBcli64kEUf0Wocwa.mp3,https://creativecommons.org/licenses/by/4.0/,1000 Handz / 1000Handz.com,data/training/cc_by_house/02-altitude.mp3,data/training/cc_by_house/02-altitude.wav
3,Mother Soil,1000 Handz,House Instrumentals,https://freemusicarchive.org/music/1000-handz/cc-by-free-to-use-dancehouse-instrumentals/mother-soil/,https://files.freemusicarchive.org/storage-freemusicarchive-org/tracks/aEsDz5jUrVN1G7g8tUTwlA03hWrty6GjxIiRDpcL.mp3,https://creativecommons.org/licenses/by/4.0/,1000 Handz / 1000Handz.com,data/training/cc_by_house/03-mother-soil.mp3,data/training/cc_by_house/03-mother-soil.wav
4,Basement Jaxx,1000 Handz,House Instrumentals,https://freemusicarchive.org/music/1000-handz/cc-by-free-to-use-dancehouse-instrumentals/basement-jaxx/,https://files.freemusicarchive.org/storage-freemusicarchive-org/tracks/1mrM74BLtGnznxZ5G2PbbQedS3eRrYccWfzSM1oR.mp3,https://creativecommons.org/licenses/by/4.0/,1000 Handz / 1000Handz.com,data/training/cc_by_house/04-basement-jaxx.mp3,data/training/cc_by_house/04-basement-jaxx.wav
5,Resistance,1000 Handz,House Instrumentals,https://freemusicarchive.org/music/1000-handz/cc-by-free-to-use-dancehouse-instrumentals/resistance-2/,https://files.freemusicarchive.org/storage-freemusicarchive-org/tracks/1bIuT8fREptY2urrQpAzfpCU3sRc4Xk3S28S4CrV.mp3,https://creativecommons.org/licenses/by/4.0/,1000 Handz / 1000Handz.com,data/training/cc_by_house/05-resistance.mp3,data/training/cc_by_house/05-resistance.wav
6,Divine,1000 Handz,House Instrumentals,https://freemusicarchive.org/music/1000-handz/cc-by-free-to-use-dancehouse-instrumentals/divine/,https://files.freemusicarchive.org/storage-freemusicarchive-org/tracks/4mYudlD1197x5M2lgBoXj4UdrpxGu7PqcG4YmyIn.mp3,https://creativecommons.org/licenses/by/4.0/,1000 Handz / 1000Handz.com,data/training/cc_by_house/06-divine.mp3,data/training/cc_by_house/06-divine.wav
7,Dreamz,1000 Handz,House Instrumentals,https://freemusicarchive.org/music/1000-handz/cc-by-free-to-use-dancehouse-instrumentals/dreamz-1/,https://files.freemusicarchive.org/storage-freemusicarchive-org/tracks/l2h5hhsc3HhVDfQrz28L2g8Mqipuk4ppTcLrPSYK.mp3,https://creativecommons.org/licenses/by/4.0/,1000 Handz / 1000Handz.com,data/training/cc_by_house/07-dreamz.mp3,data/training/cc_by_house/07-dreamz.wav
8,Dance Love,1000 Handz,House Instrumentals,https://freemusicarchive.org/music/1000-handz/cc-by-free-to-use-dancehouse-instrumentals/dance-love/,https://files.freemusicarchive.org/storage-freemusicarchive-org/tracks/nzc0SxgqphwhcsKjOZ9YESyBsmpKJOT7d43ZsJ8z.mp3,https://creativecommons.org/licenses/by/4.0/,1000 Handz / 1000Handz.com,data/training/cc_by_house/08-dance-love.mp3,data/training/cc_by_house/08-dance-love.wav
9,Fly Raven,1000 Handz,House Instrumentals,https://freemusicarchive.org/music/1000-handz/cc-by-free-to-use-dancehouse-instrumentals/fly-raven/,https://files.freemusicarchive.org/storage-freemusicarchive-org/tracks/urInwxyZbDvh2HMuUwOWAg7EuKPaM8gGu89le9kv.mp3,https://creativecommons.org/licenses/by/4.0/,1000 Handz / 1000Handz.com,data/training/cc_by_house/09-fly-raven.mp3,data/training/cc_by_house/09-fly-raven.wav
10,Background,1000 Handz,House Instrumentals,https://freemusicarchive.org/music/1000-handz/cc-by-free-to-use-dancehouse-instrumentals/background-1/,https://files.freemusicarchive.org/storage-freemusicarchive-org/tracks/hrgT4FqXJgg9qmZHE6XLwbIHiYdu7TP8H5WAK7vi.mp3,https://creativecommons.org/licenses/by/4.0/,1000 Handz / 1000Handz.com,data/training/cc_by_house/10-background.mp3,data/training/cc_by_house/10-background.wav
11,Aurora,1000 Handz,House Instrumentals,https://freemusicarchive.org/music/1000-handz/cc-by-free-to-use-dancehouse-instrumentals/aurora-5/,https://files.freemusicarchive.org/storage-freemusicarchive-org/tracks/CETE576Mb58hhLhYTsemKmpJOSSDnyrAcvEBXZul.mp3,https://creativecommons.org/licenses/by/4.0/,1000 Handz / 1000Handz.com,data/training/cc_by_house/11-aurora.mp3,data/training/cc_by_house/11-aurora.wav
12,Acres,1000 Handz,House Instrumentals,https://freemusicarchive.org/music/1000-handz/cc-by-free-to-use-dancehouse-instrumentals/acres/,https://files.freemusicarchive.org/storage-freemusicarchive-org/tracks/HzFcSQb59JYyKuJkxFhchL1k8zU2Iu0xM2wKfOaV.mp3,https://creativecommons.org/licenses/by/4.0/,1000 Handz / 1000Handz.com,data/training/cc_by_house/12-acres.mp3,data/training/cc_by_house/12-acres.wav
13,Melodica ft. Ketsa,1000 Handz,House Instrumentals,https://freemusicarchive.org/music/1000-handz/cc-by-free-to-use-dancehouse-instrumentals/melodica-ft-ketsa/,https://files.freemusicarchive.org/storage-freemusicarchive-org/tracks/L141JZvnbXxvDF5WSBsfhOwtGaOLIxh1QFoTb1R7.mp3,https://creativecommons.org/licenses/by/4.0/,1000 Handz / 1000Handz.com,data/training/cc_by_house/13-melodica-ft-ketsa.mp3,data/training/cc_by_house/13-melodica-ft-ketsa.wav
14,Afterglow,1000 Handz,House Instrumentals,https://freemusicarchive.org/music/1000-handz/cc-by-free-to-use-dancehouse-instrumentals/afterglow-2/,https://files.freemusicarchive.org/storage-freemusicarchive-org/tracks/gYr9MqquHxo1dX1irCOxCrs5lxN3dIRbyyFLOH6r.mp3,https://creativecommons.org/licenses/by/4.0/,1000 Handz / 1000Handz.com,data/training/cc_by_house/14-afterglow.mp3,data/training/cc_by_house/14-afterglow.wav
15,Invincible,1000 Handz,House Instrumentals,https://freemusicarchive.org/music/1000-handz/cc-by-free-to-use-dancehouse-instrumentals/invincible-2/,https://files.freemusicarchive.org/storage-freemusicarchive-org/tracks/3hRnhOGmd4xjNf2dNV3nbuE8oGHrLrEOGrAxUkeW.mp3,https://creativecommons.org/licenses/by/4.0/,1000 Handz / 1000Handz.com,data/training/cc_by_house/15-invincible.mp3,data/training/cc_by_house/15-invincible.wav
16,Digital Love,1000 Handz,House Instrumentals,https://freemusicarchive.org/music/1000-handz/cc-by-free-to-use-dancehouse-instrumentals/digital-love/,https://files.freemusicarchive.org/storage-freemusicarchive-org/tracks/HNkwAiMWlV29K2QCfCbt0jkJzQoJfkYv56SHFmGX.mp3,https://creativecommons.org/licenses/by/4.0/,1000 Handz / 1000Handz.com,data/training/cc_by_house/16-digital-love.mp3,data/training/cc_by_house/16-digital-love.wav
17,Moonlight Beach,1000 Handz,House Instrumentals,https://freemusicarchive.org/music/1000-handz/cc-by-free-to-use-dancehouse-instrumentals/moonlight-beach/,https://files.freemusicarchive.org/storage-freemusicarchive-org/tracks/V9GACRPbEJ1IRh8OqobJg25uuTCAk1uj6uS49Od4.mp3,https://creativecommons.org/licenses/by/4.0/,1000 Handz / 1000Handz.com,data/training/cc_by_house/17-moonlight-beach.mp3,data/training/cc_by_house/17-moonlight-beach.wav
18,Gratitude,1000 Handz,House Instrumentals,https://freemusicarchive.org/music/1000-handz/cc-by-free-to-use-dancehouse-instrumentals/gratitude-1/,https://files.freemusicarchive.org/storage-freemusicarchive-org/tracks/kwgU9hw6iV2xcDtJgtcq7t9l4dmE3nC30POmDis8.mp3,https://creativecommons.org/licenses/by/4.0/,1000 Handz / 1000Handz.com,data/training/cc_by_house/18-gratitude.mp3,data/training/cc_by_house/18-gratitude.wav
19,Magnetz,1000 Handz,House Instrumentals,https://freemusicarchive.org/music/1000-handz/cc-by-free-to-use-dancehouse-instrumentals/magnetz/,https://files.freemusicarchive.org/storage-freemusicarchive-org/tracks/vGtTaaDf3tMB43i16EzphSa1RU8VtmEl5yYew2bt.mp3,https://creativecommons.org/licenses/by/4.0/,1000 Handz / 1000Handz.com,data/training/cc_by_house/19-magnetz.mp3,data/training/cc_by_house/19-magnetz.wav
20,Vogue,1000 Handz,House Instrumentals,https://freemusicarchive.org/music/1000-handz/cc-by-free-to-use-dancehouse-instrumentals/vogue-1/,https://files.freemusicarchive.org/storage-freemusicarchive-org/tracks/gndQTjWDelQ6Ef1iCfm4g4E42qscin2U9QugD65e.mp3,https://creativecommons.org/licenses/by/4.0/,1000 Handz / 1000Handz.com,data/training/cc_by_house/20-vogue.mp3,data/training/cc_by_house/20-vogue.wav
21,Take You Higher,1000 Handz,House Instrumentals,https://freemusicarchive.org/music/1000-handz/cc-by-free-to-use-dancehouse-instrumentals/take-you-higher/,https://files.freemusicarchive.org/storage-freemusicarchive-org/tracks/YKG9xTgGqudFxl1M6kcCE1g704FGS2y18N0fj1rX.mp3,https://creativecommons.org/licenses/by/4.0/,1000 Handz / 1000Handz.com,data/training/cc_by_house/21-take-you-higher.mp3,data/training/cc_by_house/21-take-you-higher.wav
22,Flow Electric,1000 Handz,House Instrumentals,https://freemusicarchive.org/music/1000-handz/cc-by-free-to-use-dancehouse-instrumentals/flow-electric/,https://files.freemusicarchive.org/storage-freemusicarchive-org/tracks/H0ra9XAkLiNhOkRFiblG63XO339YlUbKLq7X9jU4.mp3,https://creativecommons.org/licenses/by/4.0/,1000 Handz / 1000Handz.com,data/training/cc_by_house/22-flow-electric.mp3,data/training/cc_by_house/22-flow-electric.wav
23,Princess Of Wales,1000 Handz,House Instrumentals,https://freemusicarchive.org/music/1000-handz/cc-by-free-to-use-dancehouse-instrumentals/princess-of-wales/,https://files.freemusicarchive.org/storage-freemusicarchive-org/tracks/037uoQ2JKPqbTFpdNoMPTtyRhncUuNiuDdyTfCfY.mp3,https://creativecommons.org/licenses/by/4.0/,1000 Handz / 1000Handz.com,data/training/cc_by_house/23-princess-of-wales.mp3,data/training/cc_by_house/23-princess-of-wales.wav
24,Humble,1000 Handz,House Instrumentals,https://freemusicarchive.org/music/1000-handz/cc-by-free-to-use-dancehouse-instrumentals/humble/,https://files.freemusicarchive.org/storage-freemusicarchive-org/tracks/peWg8Ep9HQfOROfBxyZI2rJHU4rYcMm8UDd4HGMM.mp3,https://creativecommons.org/licenses/by/4.0/,1000 Handz / 1000Handz.com,data/training/cc_by_house/24-humble.mp3,data/training/cc_by_house/24-humble.wav
25,Birds Of Feathers,1000 Handz,House Instrumentals,https://freemusicarchive.org/music/1000-handz/cc-by-free-to-use-dancehouse-instrumentals/birds-of-feathers/,https://files.freemusicarchive.org/storage-freemusicarchive-org/tracks/qUGHsEpeFfGQ3i3B5Iua6k3CNXiFW8GJ8og1brWR.mp3,https://creativecommons.org/licenses/by/4.0/,1000 Handz / 1000Handz.com,data/training/cc_by_house/25-birds-of-feathers.mp3,data/training/cc_by_house/25-birds-of-feathers.wav
26,Big Love,1000 Handz,House Instrumentals,https://freemusicarchive.org/music/1000-handz/cc-by-free-to-use-dancehouse-instrumentals/big-love-2/,https://files.freemusicarchive.org/storage-freemusicarchive-org/tracks/7S7yw16MDmIgWJb6Ng1Pi3BzlcQYngviOzkIqMmU.mp3,https://creativecommons.org/licenses/by/4.0/,1000 Handz / 1000Handz.com,data/training/cc_by_house/26-big-love.mp3,data/training/cc_by_house/26-big-love.wav
27,Big Cat,1000 Handz,House Instrumentals,https://freemusicarchive.org/music/1000-handz/cc-by-free-to-use-dancehouse-instrumentals/big-cat/,https://files.freemusicarchive.org/storage-freemusicarchive-org/tracks/lOtFHubdZeA28W4deO3HepvXexm1OWwbaf2DK7rZ.mp3,https://creativecommons.org/licenses/by/4.0/,1000 Handz / 1000Handz.com,data/training/cc_by_house/27-big-cat.mp3,data/training/cc_by_house/27-big-cat.wav
28,Sonic Electronic,1000 Handz,House Instrumentals,https://freemusicarchive.org/music/1000-handz/cc-by-free-to-use-dancehouse-instrumentals/sonic-electronic/,https://files.freemusicarchive.org/storage-freemusicarchive-org/tracks/dJTz0odJidTk3Wkx3w1LkoZLyzZ3gSTSqWLBu7FH.mp3,https://creativecommons.org/licenses/by/4.0/,1000 Handz / 1000Handz.com,data/training/cc_by_house/28-sonic-electronic.mp3,data/training/cc_by_house/28-sonic-electronic.wav
29,Situations,1000 Handz,House Instrumentals,https://freemusicarchive.org/music/1000-handz/cc-by-free-to-use-dancehouse-instrumentals/situations/,https://files.freemusicarchive.org/storage-freemusicarchive-org/tracks/sZQXVXeLSREhpT4xvmS4zY8jgjCKRGu8V9buWla1.mp3,https://creativecommons.org/licenses/by/4.0/,1000 Handz / 1000Handz.com,data/training/cc_by_house/29-situations.mp3,data/training/cc_by_house/29-situations.wav
30,Horizon,1000 Handz,House Instrumentals,https://freemusicarchive.org/music/1000-handz/cc-by-free-to-use-dancehouse-instrumentals/horizon-7/,https://files.freemusicarchive.org/storage-freemusicarchive-org/tracks/EZo3WlCSgXduF8WgKOevtjbebwbQgZyUXstcqSNf.mp3,https://creativecommons.org/licenses/by/4.0/,1000 Handz / 1000Handz.com,data/training/cc_by_house/30-horizon.mp3,data/training/cc_by_house/30-horizon.wav
31,Synthetic,1000 Handz,House Instrumentals,https://freemusicarchive.org/music/1000-handz/cc-by-free-to-use-dancehouse-instrumentals/synthetic/,https://files.freemusicarchive.org/storage-freemusicarchive-org/tracks/kfIqjQRgXJCNmm8niJ5LTWwGxpMZKuIOnuu4VqA1.mp3,https://creativecommons.org/licenses/by/4.0/,1000 Handz / 1000Handz.com,data/training/cc_by_house/31-synthetic.mp3,data/training/cc_by_house/31-synthetic.wav
32,Sonic Rush ft. Googies,1000 Handz,House Instrumentals,https://freemusicarchive.org/music/1000-handz/cc-by-free-to-use-dancehouse-instrumentals/sonic-rush-ft-googies/,https://files.freemusicarchive.org/storage-freemusicarchive-org/tracks/73gir12STxUwu00KmtM5pJ4a4yc2hn252nCFTYcu.mp3,https://creativecommons.org/licenses/by/4.0/,1000 Handz / 1000Handz.com,data/training/cc_by_house/32-sonic-rush-ft-googies.mp3,data/training/cc_by_house/32-sonic-rush-ft-googies.wav
33,In Search Of Sunset,1000 Handz,House Instrumentals,https://freemusicarchive.org/music/1000-handz/cc-by-free-to-use-dancehouse-instrumentals/in-search-of-sunset/,https://files.freemusicarchive.org/storage-freemusicarchive-org/tracks/VWTniWvWnz6DTAr525nyxhoejHUXeF47xAEDwDs0.mp3,https://creativecommons.org/licenses/by/4.0/,1000 Handz / 1000Handz.com,data/training/cc_by_house/33-in-search-of-sunset.mp3,data/training/cc_by_house/33-in-search-of-sunset.wav
34,Gave You,1000 Handz,House Instrumentals,https://freemusicarchive.org/music/1000-handz/cc-by-free-to-use-dancehouse-instrumentals/gave-you/,https://files.freemusicarchive.org/storage-freemusicarchive-org/tracks/rTnyDS68R46BZxAZO9ObX1OErjWgPTPu55y1emvj.mp3,https://creativecommons.org/licenses/by/4.0/,1000 Handz / 1000Handz.com,data/training/cc_by_house/34-gave-you.mp3,data/training/cc_by_house/34-gave-you.wav
35,Antarctic,1000 Handz,House Instrumentals,https://freemusicarchive.org/music/1000-handz/cc-by-free-to-use-dancehouse-instrumentals/antarctic/,https://files.freemusicarchive.org/storage-freemusicarchive-org/tracks/6hnOPoYl6Kdxsb5KARwvGKFfFGEkUIWfiQ3sxqt9.mp3,https://creativecommons.org/licenses/by/4.0/,1000 Handz / 1000Handz.com,data/training/cc_by_house/35-antarctic.mp3,data/training/cc_by_house/35-antarctic.wav
36,Fresh Flowers,1000 Handz,House Instrumentals,https://freemusicarchive.org/music/1000-handz/cc-by-free-to-use-dancehouse-instrumentals/fresh-flowers/,https://files.freemusicarchive.org/storage-freemusicarchive-org/tracks/smoZ4OstMYzHUe6ETTqtyCKbYMDdYjpo8ZeHAybN.mp3,https://creativecommons.org/licenses/by/4.0/,1000 Handz / 1000Handz.com,data/training/cc_by_house/36-fresh-flowers.mp3,data/training/cc_by_house/36-fresh-flowers.wav
37,Fashion Week,1000 Handz,House Instrumentals,https://freemusicarchive.org/music/1000-handz/cc-by-free-to-use-dancehouse-instrumentals/fashion-week/,https://files.freemusicarchive.org/storage-freemusicarchive-org/tracks/mHKxriVczLBpVfk15NjioVBWRbZC4ylhMkUCDYix.mp3,https://creativecommons.org/licenses/by/4.0/,1000 Handz / 1000Handz.com,data/training/cc_by_house/37-fashion-week.mp3,data/training/cc_by_house/37-fashion-week.wav
38,Faxing Berlin,1000 Handz,House Instrumentals,https://freemusicarchive.org/music/1000-handz/cc-by-free-to-use-dancehouse-instrumentals/faxing-berlin/,https://files.freemusicarchive.org/storage-freemusicarchive-org/tracks/h8i3VHKliynIeS7SYVbzuo46yF2YtlTGQ4bMNktc.mp3,https://creativecommons.org/licenses/by/4.0/,1000 Handz / 1000Handz.com,data/training/cc_by_house/38-faxing-berlin.mp3,data/training/cc_by_house/38-faxing-berlin.wav
39,Strobe,1000 Handz,House Instrumentals,https://freemusicarchive.org/music/1000-handz/cc-by-free-to-use-dancehouse-instrumentals/strobe/,https://files.freemusicarchive.org/storage-freemusicarchive-org/tracks/U4x60UbA0Pfbw7La5rQAXwz0w2bUX6vwdEipF75O.mp3,https://creativecommons.org/licenses/by/4.0/,1000 Handz / 1000Handz.com,data/training/cc_by_house/39-strobe.mp3,data/training/cc_by_house/39-strobe.wav
40,Elektronik Story,1000 Handz,House Instrumentals,https://freemusicarchive.org/music/1000-handz/cc-by-free-to-use-dancehouse-instrumentals/elektronik-story/,https://files.freemusicarchive.org/storage-freemusicarchive-org/tracks/wc0Mg6wPVYxWz7ZTbHhXx3nt34sciMY0ckknKirm.mp3,https://creativecommons.org/licenses/by/4.0/,1000 Handz / 1000Handz.com,data/training/cc_by_house/40-elektronik-story.mp3,data/training/cc_by_house/40-elektronik-story.wav
41,Blue Tints,1000 Handz,House Instrumentals,https://freemusicarchive.org/music/1000-handz/cc-by-free-to-use-dancehouse-instrumentals/blue-tints/,https://files.freemusicarchive.org/storage-freemusicarchive-org/tracks/3gPqnphFnmsRCsN8PrcxNwQzGNFmUhG4JLPvWlaI.mp3,https://creativecommons.org/licenses/by/4.0/,1000 Handz / 1000Handz.com,data/training/cc_by_house/41-blue-tints.mp3,data/training/cc_by_house/41-blue-tints.wav
42,Coconut,1000 Handz,House Instrumentals,https://freemusicarchive.org/music/1000-handz/cc-by-free-to-use-dancehouse-instrumentals/coconut-1/,https://files.freemusicarchive.org/storage-freemusicarchive-org/tracks/bdWtvF8gLBsBcFs8zwsTZaRxBFrja6xesLgJs67b.mp3,https://creativecommons.org/licenses/by/4.0/,1000 Handz / 1000Handz.com,data/training/cc_by_house/42-coconut.mp3,data/training/cc_by_house/42-coconut.wav
43,Wild Animal,1000 Handz,House Instrumentals,https://freemusicarchive.org/music/1000-handz/cc-by-free-to-use-dancehouse-instrumentals/wild-animal/,https://files.freemusicarchive.org/storage-freemusicarchive-org/tracks/ZXbmKgSNVEu84Q2WcK2f4ff2rhuYqm0Ia7q4IIiQ.mp3,https://creativecommons.org/licenses/by/4.0/,1000 Handz / 1000Handz.com,data/training/cc_by_house/43-wild-animal.mp3,data/training/cc_by_house/43-wild-animal.wav
44,No More,1000 Handz,House Instrumentals,https://freemusicarchive.org/music/1000-handz/cc-by-free-to-use-dancehouse-instrumentals/no-more/,https://files.freemusicarchive.org/storage-freemusicarchive-org/tracks/TsmiI1f68CIz8dVgcnx5gpNmx34KdbFBiEPWa1zf.mp3,https://creativecommons.org/licenses/by/4.0/,1000 Handz / 1000Handz.com,data/training/cc_by_house/44-no-more.mp3,data/training/cc_by_house/44-no-more.wav
45,Roots,1000 Handz,House Instrumentals,https://freemusicarchive.org/music/1000-handz/cc-by-free-to-use-dancehouse-instrumentals/roots-1/,https://files.freemusicarchive.org/storage-freemusicarchive-org/tracks/IGyszJ42V9XfzaMQ6qiEYRpsjWg0ETaq11hT6gIx.mp3,https://creativecommons.org/licenses/by/4.0/,1000 Handz / 1000Handz.com,data/training/cc_by_house/45-roots.mp3,data/training/cc_by_house/45-roots.wav
